CHROM,pos,sample,trace_o,trace_r,trace_abs_diff,fro_err_diff,haps_ssq,names_match,has_err_mats,has_names,names_in_Er
chr3R,4560000,Rep01_W_F,NA,NA,NA,NA,0,FALSE,FALSE,TRUE,FALSE
chr3R,4560000,Rep01_W_F,NA,NA,NA,NA,0,FALSE,FALSE,TRUE,FALSE
chr3R,4560000,Rep01_W_F,NA,NA,NA,NA,0,FALSE,FALSE,TRUE,FALSE
chr3R,4560000,Rep01_W_F,NA,NA,NA,NA,0,FALSE,FALSE,TRUE,FALSE
chr3R,4560000,Rep01_W_F,NA,NA,NA,NA,0,FALSE,FALSE,TRUE,FALSE
chr3R,4560000,Rep01_W_F,NA,NA,NA,NA,0,FALSE,FALSE,TRUE,FALSE
chr3R,4560000,Rep01_W_F,NA,NA,NA,NA,0,FALSE,FALSE,TRUE,FALSE
chr3R,4560000,Rep01_W_F,NA,NA,NA,NA,0,FALSE,FALSE,TRUE,FALSE
chr3R,4560000,Rep01_W_F,NA,NA,NA,NA,0,FALSE,FALSE,TRUE,FALSE
chr3R,4560000,Rep01_W_F,NA,NA,NA,NA,0,FALSE,FALSE,TRUE,FALSE
chr3R,4560000,Rep01_W_F,NA,NA,NA,NA,0,FALSE,FALSE,TRUE,FALSE
chr3R,4560000,Rep01_W_F,NA,NA,NA,NA,0,FALSE,FALSE,TRUE,FALSE
chr3R,4560000,Rep01_W_F,NA,NA,NA,NA,0,FALSE,FALSE,TRUE,FALSE
chr3R,4560000,Rep01_W_F,NA,NA,NA,NA,0,FALSE,FALSE,TRUE,FALSE
chr3R,4560000,Rep01_W_F,NA,NA,NA,NA,0,FALSE,FALSE,TRUE,FALSE
chr3R,4560000,Rep01_W_F,NA,NA,NA,NA,0,FALSE,FALSE,TRUE,FALSE
chr3R,4560000,Rep01_W_F,NA,NA,NA,NA,0,FALSE,FALSE,TRUE,FALSE
chr3R,4560000,Rep01_W_F,NA,NA,NA,NA,0,FALSE,FALSE,TRUE,FALSE
chr3R,4560000,Rep01_W_F,NA,NA,NA,NA,0,FALSE,FALSE,TRUE,FALSE
chr3R,4560000,Rep01_W_F,NA,NA,NA,NA,0,FALSE,FALSE,TRUE,FALSE
chr3R,4560000,Rep01_W_F,NA,NA,NA,NA,0,FALSE,FALSE,TRUE,FALSE
chr3R,4560000,Rep01_W_F,NA,NA,NA,NA,0,FALSE,FALSE,TRUE,FALSE
chr3R,4560000,Rep01_W_F,NA,NA,NA,NA,0,FALSE,FALSE,TRUE,FALSE
chr3R,4560000,Rep01_W_F,NA,NA,NA,NA,0,FALSE,FALSE,TRUE,FALSE
